stage,time,percentage_solved
1,1.2560718059539795,50.495049504950494
2,0.7650437355041504,64.35643564356435
3,0.5790328979492188,71.2871287128713
4,0.5340306758880615,73.26732673267327
5,0.47702741622924805,73.26732673267327
6,0.48802781105041504,73.26732673267327
