stage,time,percentage_solved
1,3.6402082443237305,50.495049504950494
2,3.5332019329071045,59.40594059405941
3,1.895108699798584,68.31683168316832
4,1.430081844329834,72.27722772277228
5,1.5290875434875488,73.26732673267327
6,1.6180925369262695,74.25742574257426
