stage,time,percentage_solved
1,3.7402138710021973,50.495049504950494
2,3.593205690383911,59.40594059405941
3,1.9511113166809082,68.31683168316832
4,1.4540834426879883,72.27722772277228
5,1.6540944576263428,73.26732673267327
6,1.7200982570648193,74.25742574257426
