stage,time,percentage_solved
1,0.08400487899780273,70.29702970297029
2,0.052002906799316406,84.15841584158416
3,0.05200314521789551,89.10891089108911
4,0.04800248146057129,92.07920792079207
5,0.0500028133392334,93.06930693069307
6,0.04700279235839844,94.05940594059406
