stage,time,percentage_solved
1,0.0890049934387207,70.29702970297029
2,0.05500316619873047,84.15841584158416
3,0.05300307273864746,89.10891089108911
4,0.05300331115722656,92.07920792079207
5,0.047002553939819336,93.06930693069307
6,0.047002553939819336,94.05940594059406
