stage,time,percentage_solved
1,1.2180697917938232,50.495049504950494
2,0.719041109085083,64.35643564356435
3,0.5550317764282227,71.2871287128713
4,0.5290300846099854,73.26732673267327
5,0.47702741622924805,73.26732673267327
6,0.472027063369751,73.26732673267327
