stage,time,percentage_solved
1,18.56106162071228,67.32673267326733
2,3.833219289779663,82.17821782178218
3,1.2360706329345703,87.12871287128714
4,0.8050460815429688,90.0990099009901
5,0.04200243949890137,90.0990099009901
6,0.7830445766448975,93.06930693069307
